"S.NO","id","target","pred","pred-score"
1,"e1-1",1,1,0.956
2,"e2-1",1,1,0.956
3,"e3-1",1,1,0.956
4,"e4-1",1,1,0.956
5,"e5-1",1,1,0.956
6,"e6-1",1,1,0.8827
7,"e7-1",1,1,0.956
8,"e8-1",1,1,0.956
9,"e9-1",1,1,0.956
10,"e10-1",1,1,0.956
11,"e11-1",1,1,0.956
12,"e12-1",1,1,0.956
13,"e13-1",1,1,0.8598
14,"e14-1",1,1,0.956
15,"e15-1",1,1,0.8921
16,"e16-1",1,1,0.9834
17,"e17-1",1,1,0.956
18,"e18-1",1,1,0.956
19,"e19-1",1,1,0.956
20,"e20-1",1,1,0.8751
21,"e21-1",1,1,0.956
22,"e22-1",1,1,0.956
23,"e23-1",1,1,0.956
24,"e24-1",1,0,0.3975
25,"e25-1",1,1,0.956
26,"e26-1",1,1,0.956
27,"e27-1",1,1,0.956
28,"e28-1",1,1,0.956
29,"e29-1",1,1,0.956
30,"e30-1",1,1,0.956
31,"e31-1",1,1,0.956
32,"e32-1",1,1,0.956
33,"e33-1",1,1,0.956
34,"e34-1",1,1,0.956
35,"e35-1",1,1,0.956
36,"e36-1",1,1,0.956
37,"e37-1",1,1,0.956
38,"e38-1",1,1,0.956
39,"e39-1",1,1,0.956
40,"e40-1",1,1,0.956
41,"e41-1",1,1,0.956
42,"e42-1",1,1,0.956
43,"e43-1",1,0,0.2518
44,"e44-1",1,1,0.956
45,"e45-1",1,1,0.956
46,"e46-1",1,1,0.956
47,"e47-1",1,1,0.956
48,"e48-1",1,1,0.956
49,"e49-1",1,1,0.956
50,"e50-1",1,1,0.8302
51,"e51-1",1,1,0.956
52,"e52-1",1,1,0.956
53,"e53-1",1,1,0.8702
54,"e54-1",1,1,0.956
55,"e55-1",1,1,0.956
56,"e56-1",1,1,0.86
57,"e57-1",1,1,0.956
58,"e58-1",1,1,0.956
59,"e59-1",1,1,0.956
60,"e60-1",1,1,0.956
61,"e61-1",1,1,0.956
62,"e62-1",1,1,0.9436
63,"e63-1",1,1,0.956
64,"e64-1",1,1,0.956
65,"e65-1",1,1,0.956
66,"e66-1",1,1,0.956
67,"e67-1",1,1,0.956
68,"e68-1",1,1,0.9679
69,"e69-1",1,1,0.956
70,"e70-1",1,1,0.956
71,"e71-1",1,1,0.956
72,"e72-1",1,1,0.8989
73,"e73-1",1,1,0.956
74,"e74-1",1,1,0.956
75,"e75-1",1,1,0.956
76,"e76-1",1,1,0.956
77,"e77-1",1,1,0.956
78,"e78-1",1,1,0.956
79,"e79-1",1,1,0.956
80,"e80-1",1,1,0.956
81,"e81-1",1,1,0.956
82,"e82-1",1,1,0.956
83,"e83-1",1,1,0.956
84,"e84-1",1,1,0.956
85,"e85-1",1,1,0.7894
86,"e86-1",1,1,0.956
87,"e87-1",1,1,0.956
88,"e88-1",1,1,0.956
89,"e89-1",1,1,0.956
90,"e90-1",1,1,0.9941
91,"e91-1",1,1,0.956
92,"e92-1",1,1,0.956
93,"e93-1",1,1,0.9219
94,"e94-1",1,1,0.956
95,"e95-1",1,1,0.956
96,"e96-1",1,0,0.0839
97,"e97-1",1,1,0.956
98,"e98-1",1,1,0.956
99,"e99-1",1,1,0.956
100,"e100-1",1,1,0.956
101,"e101-1",1,0,0.4312
102,"e102-1",1,1,0.956
103,"e103-1",1,1,0.956
104,"e104-1",1,1,0.956
105,"e105-1",1,1,0.9822
106,"e106-1",1,1,0.956
107,"e107-1",1,1,0.956
108,"e108-1",1,1,0.956
109,"e109-1",1,0,0.0991
110,"e110-1",1,1,0.956
111,"e111-1",1,1,0.8869
112,"e112-1",1,1,0.956
113,"e113-1",1,1,0.956
114,"e114-1",1,1,0.946
115,"e115-1",1,1,0.956
116,"e116-1",1,1,0.956
117,"e117-1",1,1,0.956
118,"e118-1",1,1,0.956
119,"e119-1",1,1,0.8201
120,"e120-1",1,1,0.956
121,"e121-1",1,1,0.956
122,"e122-1",1,1,0.9955
123,"e123-1",1,1,0.956
124,"e124-1",1,1,0.956
125,"e125-1",1,1,0.956
126,"e126-1",1,1,0.956
127,"e127-1",1,1,0.956
128,"e128-1",1,1,0.956
129,"e129-1",1,1,0.956
130,"e130-1",1,1,0.956
131,"e131-1",1,1,0.956
132,"e132-1",1,1,0.956
133,"e133-1",1,1,0.9999
134,"e134-1",1,1,0.956
135,"e135-1",1,1,0.956
136,"e136-1",1,1,0.956
137,"e137-1",1,1,0.956
138,"e138-1",1,1,0.956
139,"e139-1",1,1,0.956
140,"e140-1",1,1,0.956
141,"e141-1",1,1,0.956
142,"e142-1",1,1,0.956
143,"e143-1",1,1,0.956
144,"e144-1",1,0,0.0822
145,"e145-1",1,1,0.956
146,"e146-1",1,1,0.956
147,"e147-1",1,1,0.956
148,"e148-1",1,1,0.956
149,"e149-1",1,0,0.2784
150,"e150-1",1,1,0.956
151,"e151-1",1,1,0.956
152,"e152-1",1,1,0.956
153,"e153-1",1,1,0.956
154,"e154-1",1,1,0.956
155,"e155-1",1,1,0.956
156,"e156-1",1,1,0.956
157,"e157-1",1,1,0.956
158,"e158-1",1,1,0.956
159,"e159-1",1,1,0.956
160,"e160-1",1,1,0.956
161,"e161-1",1,1,0.7002
162,"e162-1",1,1,0.956
163,"e163-1",1,1,0.956
164,"e164-1",1,1,0.956
165,"e165-1",1,1,0.956
166,"e166-1",1,1,0.956
167,"e167-1",1,1,0.956
168,"e168-1",1,1,0.956
169,"e169-1",1,1,0.956
170,"e170-1",1,1,0.9949
171,"e171-1",1,1,0.956
172,"e172-1",1,1,0.956
173,"e173-1",1,1,0.956
174,"e174-1",1,0,0.0871
175,"e175-1",1,1,0.8355
176,"e176-1",1,1,0.956
177,"e177-1",1,1,0.956
178,"e178-1",1,1,0.956
179,"e179-1",1,1,0.956
180,"e180-1",1,1,0.956
181,"e181-1",1,1,0.956
182,"e182-1",1,1,0.7005
183,"e183-1",1,1,0.956
184,"e184-1",1,1,0.956
185,"e185-1",1,1,0.9653
186,"e186-1",1,1,0.956
187,"e187-1",1,1,0.956
188,"e188-1",1,1,0.956
189,"e189-1",1,1,0.956
190,"e190-1",1,1,0.956
191,"e191-1",1,1,0.956
192,"e192-1",1,1,0.956
193,"e193-1",1,1,0.956
194,"e194-1",1,1,0.9382
195,"e195-1",1,1,0.956
196,"e196-1",1,1,0.956
197,"e197-1",1,1,0.956
198,"e198-1",1,1,0.956
199,"e199-1",1,1,0.956
200,"e200-1",1,1,0.956
201,"e201-1",1,1,0.956
202,"e202-1",1,1,0.956
203,"e203-1",1,1,0.956
204,"e204-1",1,1,0.7125
205,"e205-1",1,1,0.956
206,"e206-1",1,1,0.956
207,"e207-1",1,1,0.956
208,"e208-1",1,1,0.956
209,"e209-1",1,1,0.956
210,"e210-1",1,1,0.8068
211,"e211-1",1,1,0.956
212,"e212-1",1,1,0.956
213,"e213-1",1,1,0.956
214,"e214-1",1,1,0.956
215,"e215-1",1,1,0.956
216,"e216-1",1,1,0.9505
217,"e217-1",1,0,0.165
218,"e218-1",1,1,0.956
219,"e219-1",1,1,0.7913
220,"e220-1",1,1,0.956
221,"e221-1",1,1,0.956
222,"e222-1",1,1,0.956
223,"e223-1",1,1,0.956
224,"e224-1",1,1,0.956
225,"e225-1",1,1,0.956
226,"e226-1",1,1,0.956
227,"e227-1",1,1,0.956
228,"e228-1",1,1,0.956
229,"e229-1",1,1,0.956
230,"e230-1",1,1,0.9639
231,"e231-1",1,1,0.956
232,"e232-1",1,1,0.956
233,"e233-1",1,0,0.3761
234,"e234-1",1,1,0.956
235,"e235-1",1,1,0.9897
236,"e236-1",1,1,0.956
237,"e237-1",1,1,0.956
238,"e238-1",1,1,0.956
239,"e239-1",1,1,0.956
240,"e240-1",1,1,0.956
241,"e241-1",1,1,0.956
242,"e242-1",1,1,0.956
243,"e243-1",1,1,0.956
244,"e244-1",1,1,0.956
245,"e245-1",1,1,0.956
246,"e246-1",1,1,0.956
247,"e247-1",1,1,0.956
248,"e248-1",1,1,0.956
249,"e249-1",1,1,0.956
250,"e250-1",1,1,0.956
251,"e251-1",1,1,0.956
252,"e252-1",1,1,0.956
253,"e253-1",1,1,0.956
254,"e254-1",1,1,0.956
255,"e255-1",1,1,0.956
256,"e256-1",1,1,0.956
257,"e257-1",1,1,0.956
258,"e258-1",1,1,0.956
259,"e259-1",1,1,0.8519
260,"e260-1",1,1,0.956
261,"e261-1",1,1,0.956
262,"e262-1",1,1,0.956
263,"e263-1",1,1,0.956
264,"e264-1",1,1,0.956
265,"e265-1",1,1,0.978
266,"e266-1",1,1,0.956
267,"e267-1",1,1,0.956
268,"e268-1",1,1,0.956
269,"e269-1",1,1,0.956
270,"e270-1",1,1,0.956
271,"e271-1",1,0,0.4905
272,"e272-1",1,1,0.6472
273,"e273-1",1,1,0.956
274,"e274-1",1,1,0.956
275,"e275-1",1,1,0.956
276,"e276-1",1,1,0.956
277,"e277-1",1,1,0.956
278,"e278-1",1,1,0.956
279,"e279-1",1,1,0.956
280,"e280-1",1,1,0.8725
281,"e281-1",1,1,0.956
282,"e282-1",1,1,0.956
283,"e283-1",1,1,0.956
284,"e284-1",1,1,0.7069
285,"e285-1",1,1,0.956
286,"e286-1",1,1,0.956
287,"e287-1",1,1,0.956
288,"e288-1",1,1,0.956
289,"e289-1",1,1,0.956
290,"e290-1",1,1,0.956
291,"e291-1",1,1,0.9245
292,"e292-1",1,1,0.956
293,"e293-1",1,1,0.956
294,"e294-1",1,1,0.8209
295,"e295-1",1,1,0.956
296,"e296-1",1,1,0.956
297,"e297-1",1,1,0.956
298,"e298-1",1,1,0.956
299,"e299-1",1,1,0.956
300,"e300-1",1,1,0.956
301,"e301-1",1,1,0.956
302,"e302-1",1,1,0.956
303,"e303-1",1,1,0.956
304,"e304-1",1,1,0.956
305,"e305-1",1,1,0.956
306,"e306-1",1,1,0.956
307,"e307-1",1,1,0.956
308,"e308-1",1,1,0.956
309,"e309-1",1,1,0.956
310,"e310-1",1,1,0.956
311,"e311-1",1,1,0.956
312,"e312-1",1,1,0.956
313,"e313-1",1,1,0.6928
314,"e314-1",1,1,0.8666
315,"e315-1",1,1,0.956
316,"e316-1",1,1,0.956
317,"e317-1",1,1,0.956
318,"e318-1",1,1,0.956
319,"e319-1",1,1,0.956
320,"e320-1",1,1,0.956
321,"e321-1",1,1,0.956
322,"e322-1",1,1,0.9389
323,"e323-1",1,1,0.589
324,"e324-1",1,1,0.9343
325,"e325-1",1,1,0.956
326,"e326-1",1,1,0.956
327,"e327-1",1,1,0.956
328,"e328-1",1,1,0.8017
329,"e329-1",1,1,0.956
330,"e330-1",1,1,0.956
331,"e331-1",1,1,0.956
332,"e332-1",1,1,0.956
333,"e333-1",1,1,0.956
334,"e334-1",1,1,0.956
335,"e335-1",1,1,0.956
336,"e336-1",1,1,0.8633
337,"e337-1",1,1,0.956
338,"e338-1",1,1,0.956
339,"e339-1",1,1,0.956
340,"e340-1",1,1,0.9622
341,"e341-1",1,1,0.956
342,"e342-1",1,1,0.956
343,"e343-1",1,1,0.956
344,"e344-1",1,1,0.956
345,"e345-1",1,1,0.956
346,"e346-1",1,1,0.956
347,"e347-1",1,1,0.956
348,"e348-1",1,1,0.956
349,"e349-1",1,1,0.956
350,"e350-1",1,1,0.956
351,"e351-1",1,1,0.956
352,"e352-1",1,1,0.956
353,"e353-1",1,1,0.8827
354,"e354-1",1,1,0.956
355,"e355-1",1,1,0.956
356,"e356-1",1,1,0.956
357,"e357-1",1,1,0.956
358,"e358-1",1,1,0.956
359,"e359-1",1,1,0.956
360,"e360-1",1,1,0.956
361,"e361-1",1,1,0.956
362,"e362-1",1,1,0.956
363,"e363-1",1,1,0.956
364,"e364-1",1,1,0.956
365,"e365-1",1,1,0.9544
366,"e366-1",1,1,0.956
367,"e367-1",1,1,0.956
368,"e368-1",1,1,0.956
369,"e369-1",1,1,0.956
370,"e370-1",1,1,0.956
371,"e371-1",1,1,0.956
372,"e372-1",1,1,0.956
373,"e373-1",1,1,0.956
374,"e374-1",1,1,0.956
375,"e375-1",1,1,0.956
376,"e376-1",1,1,0.956
377,"e377-1",1,1,0.956
378,"e378-1",1,1,0.956
379,"e379-1",1,1,0.956
380,"e380-1",1,1,0.956
381,"e381-1",1,1,0.956
382,"e382-1",1,0,0.3859
383,"e383-1",1,1,0.956
384,"e384-1",1,1,0.956
385,"e385-1",1,1,0.956
386,"e386-1",1,1,0.956
387,"e387-1",1,1,0.956
388,"e388-1",1,1,0.956
389,"e389-1",1,1,0.7364
390,"e390-1",1,1,0.956
391,"e391-1",1,1,0.956
392,"e392-1",1,1,0.956
393,"e393-1",1,0,0.0791
394,"e394-1",1,1,0.956
395,"e395-1",1,1,0.9617
396,"e396-1",1,1,0.956
397,"e397-1",1,1,0.9377
398,"e398-1",1,1,0.956
399,"e399-1",1,1,0.956
400,"e400-1",1,1,0.8906
401,"e401-1",1,1,0.956
402,"e402-1",1,1,0.956
403,"e403-1",1,0,0.0742
404,"e404-1",1,1,0.956
405,"e405-1",1,1,0.956
406,"e406-1",1,1,0.956
407,"e407-1",1,1,0.6719
408,"e408-1",1,1,0.8423
409,"e409-1",1,1,0.956
410,"e410-1",1,1,0.956
411,"e411-1",1,1,0.956
412,"e412-1",1,1,0.956
413,"e413-1",1,1,0.956
414,"e414-1",1,1,0.956
415,"e415-1",1,1,0.8412
416,"e416-1",1,1,0.956
417,"e417-1",1,1,0.956
418,"e418-1",1,1,0.956
419,"e419-1",1,1,0.6255
420,"e420-1",1,1,0.956
421,"e421-1",1,1,0.956
422,"e422-1",1,1,0.956
423,"e423-1",1,1,0.956
424,"e424-1",1,1,0.956
425,"e425-1",1,1,0.956
426,"e426-1",1,1,0.956
427,"e427-1",1,1,0.956
428,"e428-1",1,1,0.956
429,"e429-1",1,1,0.956
430,"e430-1",1,1,0.956
431,"e431-1",1,1,0.5202
432,"e432-1",1,1,0.956
433,"e433-1",1,1,0.956
434,"e434-1",1,1,0.956
435,"e435-1",1,1,0.956
436,"e436-1",1,1,0.956
437,"e437-1",1,1,0.956
438,"e438-1",1,1,0.956
439,"e439-1",1,1,0.956
440,"e440-1",1,1,0.956
441,"e441-1",1,1,0.937
442,"e442-1",1,1,0.956
443,"e443-1",1,1,0.8216
444,"e444-1",1,1,0.956
445,"e445-1",1,1,0.956
446,"e446-1",1,1,0.956
447,"e447-1",1,1,0.956
448,"e448-1",1,1,0.956
449,"e449-1",1,1,0.956
450,"e450-1",1,1,0.956
451,"e451-1",1,1,0.956
452,"e452-1",1,0,0.0746
453,"e453-1",1,1,0.956
454,"e454-1",1,1,0.956
455,"e455-1",1,1,0.956
456,"e456-1",1,1,0.956
457,"e457-1",1,1,0.956
458,"e458-1",1,1,0.956
459,"e459-1",1,1,0.956
460,"e460-1",1,1,0.956
461,"e461-1",1,1,0.8225
462,"e462-1",1,1,0.5107
463,"e463-1",1,1,0.8022
464,"e464-1",1,1,0.956
465,"e465-1",1,1,0.956
466,"e466-1",1,1,0.956
467,"e467-1",1,1,0.956
468,"e468-1",1,1,0.956
469,"e469-1",1,0,0.2964
470,"e470-1",1,1,0.5729
471,"e471-1",1,1,0.956
472,"e472-1",1,1,0.956
473,"e473-1",1,1,0.956
474,"e474-1",1,1,0.956
475,"e475-1",1,1,0.956
476,"e476-1",1,1,0.956
477,"e477-1",1,1,0.956
478,"e478-1",1,1,0.956
479,"e479-1",1,1,0.956
480,"e480-1",1,1,0.956
481,"e481-1",1,1,0.956
482,"e482-1",1,1,0.956
483,"e483-1",1,1,0.956
484,"e484-1",1,1,0.956
485,"e485-1",1,1,0.956
486,"e486-1",1,1,0.6132
487,"e487-1",1,1,0.956
488,"e488-1",1,1,0.9343
489,"e489-1",1,1,0.956
490,"e490-1",1,1,0.956
491,"e491-1",1,1,0.956
492,"e492-1",1,1,0.956
493,"e493-1",1,1,0.956
494,"e494-1",1,1,0.956
495,"e495-1",1,1,0.9772
496,"e496-1",1,1,0.956
497,"e497-1",1,1,0.956
498,"e498-1",1,1,0.956
499,"e499-1",1,1,0.956
500,"e500-1",1,1,0.956
501,"e501-1",1,1,0.956
502,"e502-1",1,1,0.956
503,"e503-1",1,1,0.956
504,"e504-1",1,1,0.956
505,"e505-1",1,1,0.956
506,"e506-1",1,1,0.6761
507,"e507-1",1,1,0.956
508,"e508-1",1,1,0.956
509,"e509-1",1,1,0.8906
510,"e510-1",1,1,0.956
511,"e511-1",1,1,0.956
512,"e512-1",1,1,0.956
513,"e513-1",1,1,0.956
514,"e514-1",1,1,0.956
515,"e515-1",1,1,0.956
516,"e516-1",1,1,0.956
517,"e517-1",1,1,0.956
518,"e518-1",1,1,0.956
519,"e519-1",1,1,0.956
520,"e520-1",1,1,0.956
521,"e521-1",1,1,0.956
522,"e522-1",1,1,0.956
523,"e523-1",1,1,0.956
524,"e524-1",1,1,0.956
525,"e525-1",1,1,0.956
526,"e526-1",1,1,0.9854
527,"e527-1",1,1,0.956
528,"e528-1",1,1,0.956
529,"e529-1",1,1,0.956
530,"e530-1",1,1,0.956
531,"e531-1",1,1,0.956
532,"e532-1",1,1,0.956
533,"e533-1",1,1,0.956
534,"e534-1",1,1,0.956
535,"e535-1",1,1,0.956
536,"e536-1",1,1,0.956
537,"e537-1",1,1,0.956
538,"e538-1",1,1,0.956
539,"e539-1",1,1,0.956
540,"e540-1",1,1,0.9124
541,"e541-1",1,1,0.956
542,"e542-1",1,1,0.956
543,"e543-1",1,1,0.956
544,"e544-1",1,1,0.956
545,"e545-1",1,1,0.956
546,"e546-1",1,1,0.956
547,"e547-1",1,1,0.956
548,"e548-1",1,1,0.7323
549,"e549-1",1,1,0.956
550,"e550-1",1,1,0.956
551,"e551-1",1,1,0.956
552,"e552-1",1,1,0.9709
553,"e553-1",1,1,0.956
554,"e554-1",1,1,0.956
555,"e555-1",1,1,0.956
556,"e556-1",1,1,0.956
557,"e557-1",1,1,0.956
558,"e558-1",1,1,0.956
559,"e559-1",1,1,0.956
560,"e560-1",1,1,0.956
561,"e561-1",1,1,0.956
562,"e562-1",1,1,0.956
563,"e563-1",1,1,0.956
564,"e564-1",1,1,0.956
565,"e565-1",1,1,0.956
566,"e566-1",1,1,0.956
567,"e567-1",1,1,0.956
568,"e568-1",1,1,0.956
569,"e569-1",1,1,0.956
570,"e570-1",1,1,0.956
571,"e571-1",1,1,0.956
572,"e572-1",1,1,0.956
573,"e573-1",1,1,0.956
574,"e574-1",1,1,0.956
575,"e575-1",1,1,0.956
576,"e576-1",1,1,0.956
577,"e577-1",1,1,0.956
578,"e578-1",1,1,0.7807
579,"e579-1",1,1,0.956
580,"e580-1",1,1,0.956
581,"e581-1",1,1,0.956
582,"e582-1",1,1,0.956
583,"e583-1",1,1,0.956
584,"e584-1",1,1,0.956
585,"e585-1",1,1,0.956
586,"e586-1",1,1,0.956
587,"e587-1",1,1,0.5676
588,"e588-1",1,1,0.956
589,"e589-1",1,0,0.0897
590,"e590-1",1,1,0.6623
591,"e591-1",1,1,0.956
592,"e592-1",1,1,0.9059
593,"e593-1",1,1,0.956
594,"e594-1",1,1,0.956
595,"e595-1",1,1,0.956
596,"e596-1",1,1,0.956
597,"e597-1",1,1,0.956
598,"e598-1",1,1,0.956
599,"e599-1",1,1,0.956
600,"e600-1",1,1,0.6501
601,"e601-1",1,1,0.956
602,"e602-1",1,1,0.956
603,"e603-1",1,1,0.956
604,"e604-1",1,1,0.956
605,"e605-1",1,1,0.956
606,"e606-1",1,1,0.956
607,"e607-1",1,1,0.956
608,"e608-1",1,1,0.5865
609,"e609-1",1,1,0.956
610,"e610-1",1,1,0.9555
611,"e611-1",1,1,0.956
612,"e612-1",1,1,0.956
613,"e613-1",1,1,0.956
614,"e614-1",1,1,0.956
615,"e615-1",1,1,0.956
616,"e616-1",1,1,0.956
617,"e617-1",1,1,0.956
618,"e618-1",1,1,0.956
619,"e619-1",1,1,0.956
620,"e620-1",1,1,0.956
621,"e621-1",1,1,0.956
622,"e622-1",1,1,0.956
623,"e623-1",1,1,0.956
624,"e624-1",1,1,0.956
625,"e625-1",1,1,0.956
626,"e626-1",1,1,0.956
627,"e627-1",1,1,0.956
628,"e628-1",1,0,0.2508
629,"e629-1",1,1,0.956
630,"e630-1",1,1,0.956
631,"e631-1",1,1,0.956
632,"e632-1",1,1,0.956
633,"e633-1",1,1,0.956
634,"e634-1",1,1,0.956
635,"e635-1",1,1,0.956
636,"e636-1",1,1,0.956
637,"e637-1",1,1,0.956
638,"e638-1",1,1,0.956
639,"e639-1",1,1,0.956
640,"e640-1",1,0,0.0148
641,"e641-1",1,1,0.9295
642,"e642-1",1,1,0.8577
643,"e643-1",1,1,0.956
644,"e644-1",1,1,0.956
645,"e645-1",1,1,0.956
646,"e646-1",1,1,0.956
647,"e647-1",1,1,0.956
648,"e648-1",1,1,0.9762
649,"e649-1",1,1,0.956
650,"e650-1",1,1,0.956
651,"e651-1",1,1,0.956
652,"e652-1",1,1,0.956
653,"e653-1",1,1,0.956
654,"e654-1",1,1,0.9388
655,"e655-1",1,1,0.956
656,"e656-1",1,1,0.956
657,"e657-1",1,1,0.6712
658,"e658-1",1,1,0.9495
659,"e659-1",1,1,0.956
660,"e660-1",1,1,0.983
661,"e661-1",1,1,0.956
662,"e662-1",1,1,0.956
663,"e663-1",1,1,0.956
664,"e664-1",1,1,0.956
665,"e665-1",1,1,0.956
666,"e666-1",1,1,0.956
667,"e667-1",1,1,0.956
668,"e668-1",1,1,0.956
669,"e669-1",1,1,0.5428
670,"e670-1",1,1,0.8587
671,"e671-1",1,1,0.956
672,"e672-1",1,1,0.956
673,"e673-1",1,1,0.9686
674,"e674-1",1,1,0.956
675,"e675-1",1,1,0.9564
676,"e676-1",1,1,0.956
677,"e677-1",1,1,0.8686
678,"e678-1",1,1,0.956
679,"e679-1",1,1,0.956
680,"e680-1",1,1,0.956
681,"e681-1",1,1,0.956
682,"e682-1",1,1,0.9424
683,"e683-1",1,1,0.956
684,"e684-1",1,1,0.6693
685,"e685-1",1,1,0.956
686,"e686-1",1,1,0.956
687,"e687-1",1,1,0.6674
688,"e688-1",1,1,0.956
689,"e689-1",1,1,0.956
690,"e690-1",1,1,0.956
691,"e691-1",1,1,0.956
692,"e692-1",1,1,0.956
693,"e693-1",1,1,0.6927
694,"e694-1",1,1,0.956
695,"e695-1",1,1,0.956
696,"e696-1",1,1,0.956
697,"e697-1",1,1,0.956
698,"e698-1",1,0,0.2796
699,"e699-1",1,1,0.956
700,"e700-1",1,1,0.956
701,"e701-1",1,1,0.6814
702,"e702-1",1,1,0.956
703,"e703-1",1,1,0.956
704,"e704-1",1,1,0.956
705,"e705-1",1,1,0.956
706,"e706-1",1,1,0.956
707,"e707-1",1,1,0.956
708,"e708-1",1,0,0.4563
709,"e709-1",1,1,0.956
710,"e710-1",1,1,0.986
711,"e711-1",1,1,0.9872
712,"e712-1",1,1,0.956
713,"e713-1",1,1,0.956
714,"e714-1",1,1,0.956
715,"e715-1",1,1,0.956
716,"e716-1",1,1,0.956
717,"e717-1",1,1,0.956
718,"e718-1",1,1,0.8117
719,"e719-1",1,1,0.956
720,"e720-1",1,1,0.956
721,"e721-1",1,1,0.956
722,"e722-1",1,1,0.956
723,"e723-1",1,1,0.956
724,"e724-1",1,1,0.956
725,"e725-1",1,1,0.956
726,"e726-1",1,0,0.1188
727,"e727-1",1,1,0.956
728,"e728-1",1,1,0.956
729,"e729-1",1,1,0.956
730,"e730-1",1,1,0.9892
731,"e731-1",1,1,0.956
732,"e732-1",1,1,0.956
733,"e733-1",1,0,0.266
734,"e734-1",1,1,0.956
735,"e735-1",1,1,0.956
736,"e736-1",1,1,0.956
737,"e737-1",1,1,0.956
738,"e738-1",1,0,0.3824
739,"e739-1",1,1,0.956
740,"e740-1",1,1,0.9149
741,"e741-1",1,1,0.956
742,"e742-1",1,1,0.956
743,"e743-1",1,1,0.956
744,"e744-1",1,1,0.956
745,"e745-1",1,1,0.956
746,"e746-1",1,1,0.956
747,"e747-1",1,1,0.956
748,"e748-1",1,1,0.956
749,"e749-1",1,1,0.7395
750,"e750-1",1,0,0.4157
751,"e751-1",1,1,0.956
752,"e752-1",1,1,0.941
753,"e753-1",1,1,0.956
754,"e754-1",1,1,0.956
755,"e755-1",1,1,0.956
756,"e756-1",1,1,0.956
757,"e757-1",1,1,0.956
758,"e758-1",1,1,0.956
759,"e759-1",1,1,0.956
760,"e760-1",1,1,0.956
761,"e761-1",1,1,0.956
762,"e762-1",1,1,0.956
763,"e763-1",1,1,0.956
764,"e764-1",1,1,0.956
765,"e765-1",1,1,0.956
766,"e766-1",1,1,0.956
767,"e767-1",1,1,0.956
768,"e768-1",1,1,0.956
769,"e769-1",1,1,0.7766
770,"e770-1",1,1,0.956
771,"e771-1",1,0,0.3493
772,"e772-1",1,1,0.956
773,"e773-1",1,1,0.956
774,"e774-1",1,1,0.956
775,"e775-1",1,1,0.5568
776,"e776-1",1,1,0.956
777,"e777-1",1,1,0.956
778,"e778-1",1,1,0.956
779,"e779-1",1,1,0.956
780,"e780-1",1,1,0.956
781,"e781-1",1,1,0.956
782,"e782-1",1,1,0.956
783,"e783-1",1,1,0.956
784,"e784-1",1,1,0.956
785,"e785-1",1,1,0.956
786,"e786-1",1,1,0.956
787,"e787-1",1,1,0.956
788,"e788-1",1,1,0.956
789,"e789-1",1,1,0.9519
790,"e790-1",1,1,0.956
791,"e791-1",1,1,0.956
792,"e792-1",1,1,0.956
793,"e793-1",1,1,0.956
794,"e794-1",1,1,0.956
795,"e795-1",1,1,0.956
796,"e796-1",1,0,0.231
797,"e797-1",1,1,0.8227
798,"e798-1",1,1,0.956
799,"e799-1",1,1,0.956
800,"e800-1",1,1,0.956
801,"e801-1",1,1,0.956
802,"e802-1",1,1,0.8343
803,"e803-1",1,1,0.956
804,"e804-1",1,1,0.956
805,"e805-1",1,1,0.956
806,"e806-1",1,1,0.956
807,"e807-1",1,1,0.7503
808,"e808-1",1,1,0.956
809,"e809-1",1,1,0.956
810,"e810-1",1,1,0.956
811,"e811-1",1,1,0.956
812,"e812-1",1,1,0.9475
813,"e813-1",1,1,0.9286
814,"e814-1",1,1,0.956
815,"e815-1",1,1,0.956
816,"e816-1",1,1,0.8827
817,"e817-1",1,1,0.6301
818,"e818-1",1,1,0.956
819,"e819-1",1,1,0.956
820,"e820-1",1,1,0.956
821,"e821-1",1,1,0.956
822,"e822-1",1,1,0.956
823,"e823-1",1,1,0.9386
824,"e824-1",1,1,0.956
825,"e825-1",1,1,0.956
826,"e826-1",1,1,0.956
827,"e827-1",1,1,0.956
828,"e828-1",1,0,0.2974
829,"e829-1",1,1,0.6804
830,"e830-1",1,1,0.956
831,"e831-1",1,0,0.1309
832,"e832-1",1,1,0.6742
833,"e833-1",1,0,0.059
834,"e834-1",1,1,0.956
835,"e835-1",1,1,0.956
836,"e836-1",1,1,0.956
837,"e837-1",1,1,0.9415
838,"e838-1",1,1,0.956
839,"e839-1",1,1,0.956
840,"e840-1",1,1,0.956
841,"e841-1",1,1,0.956
842,"e842-1",1,1,0.9644
843,"e843-1",1,1,0.956
844,"e844-1",1,1,0.956
845,"e845-1",1,1,0.956
846,"e846-1",1,1,0.956
847,"e847-1",1,1,0.956
848,"e848-1",1,1,0.956
849,"e849-1",1,1,0.956
850,"e850-1",1,1,0.956
851,"e851-1",1,1,0.956
852,"e852-1",1,1,0.956
853,"e853-1",1,1,0.956
854,"e854-1",1,1,0.956
855,"e855-1",1,1,0.956
856,"e856-1",1,1,0.956
857,"e857-1",1,1,0.956
858,"e858-1",1,1,0.9987
859,"e859-1",1,0,0.4645
860,"e860-1",1,1,0.956
861,"e861-1",1,1,0.956
862,"e862-1",1,1,0.7509
863,"e863-1",1,1,0.956
864,"e864-1",1,1,0.956
865,"e865-1",1,1,0.956
866,"e866-1",1,1,0.956
867,"e867-1",1,1,0.956
868,"e868-1",1,1,0.956
869,"e869-1",1,1,0.956
870,"e870-1",1,0,0.3061
871,"e871-1",1,1,0.956
872,"e872-1",1,1,0.956
873,"e873-0",0,1,0.956
874,"e874-0",0,1,0.956
875,"e875-0",0,1,0.956
876,"e876-0",0,1,0.9867
877,"e877-0",0,1,0.956
878,"e878-0",0,1,0.956
879,"e879-0",0,1,0.956
880,"e880-0",0,0,0.2689
881,"e881-0",0,1,0.956
882,"e882-0",0,1,0.956
883,"e883-0",0,1,0.8306
884,"e884-0",0,1,0.956
885,"e885-0",0,1,0.956
886,"e886-0",0,1,0.956
887,"e887-0",0,1,0.956
888,"e888-0",0,1,0.956
889,"e889-0",0,1,0.956
890,"e890-0",0,1,0.956
891,"e891-0",0,1,0.956
892,"e892-0",0,1,0.956
893,"e893-0",0,1,0.956
894,"e894-0",0,1,0.956
895,"e895-0",0,1,0.956
896,"e896-0",0,1,0.956
897,"e897-0",0,1,0.956
898,"e898-0",0,1,0.956
899,"e899-0",0,1,0.9282
900,"e900-0",0,1,0.956
901,"e901-0",0,1,0.956
902,"e902-0",0,1,0.9633
903,"e903-0",0,1,0.956
904,"e904-0",0,1,0.956
905,"e905-0",0,1,0.9871
906,"e906-0",0,1,0.956
907,"e907-0",0,1,0.956
908,"e908-0",0,1,0.956
909,"e909-0",0,1,0.956
910,"e910-0",0,1,0.5378
911,"e911-0",0,0,0.2872
912,"e912-0",0,1,0.956
913,"e913-0",0,1,0.956
914,"e914-0",0,1,0.956
915,"e915-0",0,1,0.8591
916,"e916-0",0,1,0.956
917,"e917-0",0,1,0.956
918,"e918-0",0,1,0.956
919,"e919-0",0,1,0.7933
920,"e920-0",0,1,0.956
921,"e921-0",0,1,0.956
922,"e922-0",0,1,0.956
923,"e923-0",0,1,0.8376
924,"e924-0",0,1,0.956
925,"e925-0",0,1,0.956
926,"e926-0",0,1,0.956
927,"e927-0",0,1,0.956
928,"e928-0",0,1,0.956
929,"e929-0",0,1,0.956
930,"e930-0",0,1,0.956
931,"e931-0",0,1,0.956
932,"e932-0",0,1,0.887
933,"e933-0",0,1,0.8936
934,"e934-0",0,1,0.956
935,"e935-0",0,1,0.956
936,"e936-0",0,1,0.956
937,"e937-0",0,1,0.956
938,"e938-0",0,1,0.8456
939,"e939-0",0,1,0.9327
940,"e940-0",0,1,0.956
941,"e941-0",0,1,0.956
942,"e942-0",0,1,0.9749
943,"e943-0",0,1,0.6038
944,"e944-0",0,1,0.5783
945,"e945-0",0,1,0.956
946,"e946-0",0,1,0.956
947,"e947-0",0,1,0.956
948,"e948-0",0,1,0.956
949,"e949-0",0,1,0.956
950,"e950-0",0,1,0.956
951,"e951-0",0,1,0.635
952,"e952-0",0,1,0.956
953,"e953-0",0,1,0.956
954,"e954-0",0,1,0.8453
955,"e955-0",0,1,0.956
956,"e956-0",0,1,0.8477
957,"e957-0",0,1,0.5548
958,"e958-0",0,1,0.956
959,"e959-0",0,0,0.3903
960,"e960-0",0,1,0.956
961,"e961-0",0,1,0.956
962,"e962-0",0,1,0.9434
963,"e963-0",0,1,0.956
964,"e964-0",0,1,0.956
965,"e965-0",0,1,0.956
966,"e966-0",0,1,0.956
967,"e967-0",0,1,0.956
968,"e968-0",0,1,0.956
969,"e969-0",0,1,0.956
970,"e970-0",0,1,0.956
971,"e971-0",0,1,0.956
972,"e972-0",0,1,0.9332
973,"e973-0",0,1,0.992
974,"e974-0",0,0,0.4916
975,"e975-0",0,1,0.956
976,"e976-0",0,1,0.956
977,"e977-0",0,1,0.956
978,"e978-0",0,1,0.956
979,"e979-0",0,1,0.956
980,"e980-0",0,1,0.956
981,"e981-0",0,1,0.956
982,"e982-0",0,1,0.956
983,"e983-0",0,1,0.8941
984,"e984-0",0,1,0.956
985,"e985-0",0,1,0.956
986,"e986-0",0,1,0.956
987,"e987-0",0,0,0.4326
988,"e988-0",0,1,0.956
989,"e989-0",0,1,0.956
990,"e990-0",0,1,0.9016
991,"e991-0",0,1,0.956
992,"e992-0",0,1,0.956
993,"e993-0",0,1,0.8055
994,"e994-0",0,1,0.7209
995,"e995-0",0,1,0.956
996,"e996-0",0,1,0.5622
997,"e997-0",0,1,0.956
998,"e998-0",0,1,0.956
999,"e999-0",0,1,0.956
1000,"e1000-0",0,1,0.7151
1001,"e1001-0",0,1,0.956
1002,"e1002-0",0,1,0.956
1003,"e1003-0",0,1,0.956
1004,"e1004-0",0,1,0.956
1005,"e1005-0",0,1,0.956
1006,"e1006-0",0,1,0.956
1007,"e1007-0",0,1,0.616
1008,"e1008-0",0,1,0.956
1009,"e1009-0",0,1,0.8862
1010,"e1010-0",0,1,0.956
1011,"e1011-0",0,1,0.956
1012,"e1012-0",0,1,0.956
1013,"e1013-0",0,1,0.956
1014,"e1014-0",0,1,0.956
1015,"e1015-0",0,1,0.972
1016,"e1016-0",0,1,0.956
1017,"e1017-0",0,1,0.926
1018,"e1018-0",0,1,0.956
1019,"e1019-0",0,1,0.956
1020,"e1020-0",0,1,0.956
1021,"e1021-0",0,1,0.956
1022,"e1022-0",0,1,0.956
1023,"e1023-0",0,1,0.5047
1024,"e1024-0",0,1,0.9335
1025,"e1025-0",0,1,0.956
1026,"e1026-0",0,1,0.554
1027,"e1027-0",0,1,0.8211
1028,"e1028-0",0,1,0.956
1029,"e1029-0",0,1,0.956
1030,"e1030-0",0,1,0.956
1031,"e1031-0",0,1,0.7508
1032,"e1032-0",0,1,0.8502
1033,"e1033-0",0,1,0.956
1034,"e1034-0",0,1,0.7624
1035,"e1035-0",0,1,0.956
1036,"e1036-0",0,1,0.956
1037,"e1037-0",0,1,0.8467
1038,"e1038-0",0,1,0.956
1039,"e1039-0",0,1,0.956
1040,"e1040-0",0,1,0.956
1041,"e1041-0",0,1,0.956
1042,"e1042-0",0,1,0.956
1043,"e1043-0",0,1,0.956
1044,"e1044-0",0,1,0.956
1045,"e1045-0",0,1,0.9281
1046,"e1046-0",0,1,0.956
1047,"e1047-0",0,1,0.956
1048,"e1048-0",0,1,0.956
1049,"e1049-0",0,1,0.956
1050,"e1050-0",0,1,0.956
1051,"e1051-0",0,1,0.956
1052,"e1052-0",0,1,0.956
1053,"e1053-0",0,1,0.956
1054,"e1054-0",0,1,0.956
1055,"e1055-0",0,1,0.7812
1056,"e1056-0",0,1,0.5131
1057,"e1057-0",0,1,0.956
1058,"e1058-0",0,1,0.956
1059,"e1059-0",0,1,0.956
1060,"e1060-0",0,1,0.956
1061,"e1061-0",0,1,0.956
1062,"e1062-0",0,0,0.4302
1063,"e1063-0",0,1,0.9121
1064,"e1064-0",0,1,0.956
1065,"e1065-0",0,1,0.956
1066,"e1066-0",0,1,0.956
1067,"e1067-0",0,1,0.956
1068,"e1068-0",0,1,0.956
1069,"e1069-0",0,1,0.956
1070,"e1070-0",0,1,0.7663
1071,"e1071-0",0,1,0.956
1072,"e1072-0",0,1,0.956
1073,"e1073-0",0,1,0.956
1074,"e1074-0",0,1,0.956
1075,"e1075-0",0,1,0.956
1076,"e1076-0",0,1,0.956
1077,"e1077-0",0,1,0.956
1078,"e1078-0",0,1,0.9217
1079,"e1079-0",0,1,0.956
1080,"e1080-0",0,1,0.956
1081,"e1081-0",0,1,0.956
1082,"e1082-0",0,1,0.7815
1083,"e1083-0",0,1,0.956
1084,"e1084-0",0,1,0.956
1085,"e1085-0",0,1,0.956
1086,"e1086-0",0,1,0.9466
1087,"e1087-0",0,1,0.956
1088,"e1088-0",0,1,0.956
1089,"e1089-0",0,1,0.956
1090,"e1090-0",0,1,0.956
1091,"e1091-0",0,1,0.956
1092,"e1092-0",0,1,0.749
1093,"e1093-0",0,1,0.956
1094,"e1094-0",0,1,0.9723
1095,"e1095-0",0,1,0.956
1096,"e1096-0",0,1,0.8066
1097,"e1097-0",0,1,0.956
1098,"e1098-0",0,1,0.956
1099,"e1099-0",0,1,0.956
1100,"e1100-0",0,1,0.956
1101,"e1101-0",0,1,0.6798
1102,"e1102-0",0,1,0.9239
1103,"e1103-0",0,1,0.956
1104,"e1104-0",0,1,0.956
1105,"e1105-0",0,1,0.956
1106,"e1106-0",0,1,0.956
1107,"e1107-0",0,1,0.956
1108,"e1108-0",0,1,0.956
1109,"e1109-0",0,1,0.956
1110,"e1110-0",0,1,0.956
1111,"e1111-0",0,1,0.7676
1112,"e1112-0",0,1,0.956
1113,"e1113-0",0,1,0.956
1114,"e1114-0",0,1,0.956
1115,"e1115-0",0,1,0.956
1116,"e1116-0",0,1,0.903
1117,"e1117-0",0,1,0.9898
1118,"e1118-0",0,1,0.956
1119,"e1119-0",0,1,0.956
1120,"e1120-0",0,1,0.956
1121,"e1121-0",0,1,0.9809
1122,"e1122-0",0,1,0.956
1123,"e1123-0",0,1,0.956
1124,"e1124-0",0,1,0.956
1125,"e1125-0",0,1,0.9528
1126,"e1126-0",0,1,0.956
1127,"e1127-0",0,1,0.956
1128,"e1128-0",0,1,0.956
1129,"e1129-0",0,1,0.956
1130,"e1130-0",0,1,0.956
1131,"e1131-0",0,1,0.956
1132,"e1132-0",0,1,0.956
1133,"e1133-0",0,1,0.956
1134,"e1134-0",0,1,0.8229
1135,"e1135-0",0,1,0.956
1136,"e1136-0",0,1,0.956
1137,"e1137-0",0,1,0.8919
1138,"e1138-0",0,1,0.956
1139,"e1139-0",0,1,0.956
1140,"e1140-0",0,1,0.956
1141,"e1141-0",0,1,0.956
1142,"e1142-0",0,1,0.9685
1143,"e1143-0",0,0,0.4728
1144,"e1144-0",0,1,0.956
1145,"e1145-0",0,0,0.4676
1146,"e1146-0",0,1,0.956
1147,"e1147-0",0,1,0.941
1148,"e1148-0",0,1,0.8605
1149,"e1149-0",0,1,0.956
1150,"e1150-0",0,1,0.956
1151,"e1151-0",0,1,0.956
1152,"e1152-0",0,1,0.956
1153,"e1153-0",0,1,0.956
1154,"e1154-0",0,1,0.956
1155,"e1155-0",0,1,0.691
1156,"e1156-0",0,1,0.956
1157,"e1157-0",0,1,0.956
1158,"e1158-0",0,1,0.956
1159,"e1159-0",0,1,0.956
1160,"e1160-0",0,1,0.9933
1161,"e1161-0",0,1,0.956
1162,"e1162-0",0,0,0.4972
1163,"e1163-0",0,1,0.6412
1164,"e1164-0",0,1,0.956
1165,"e1165-0",0,1,0.8705
1166,"e1166-0",0,1,0.956
1167,"e1167-0",0,1,0.956
1168,"e1168-0",0,1,0.956
1169,"e1169-0",0,1,0.956
1170,"e1170-0",0,1,0.956
1171,"e1171-0",0,1,0.956
1172,"e1172-0",0,1,0.956
1173,"e1173-0",0,1,0.838
1174,"e1174-0",0,1,0.956
1175,"e1175-0",0,1,0.5032
1176,"e1176-0",0,1,0.956
1177,"e1177-0",0,1,0.956
1178,"e1178-0",0,1,0.956
1179,"e1179-0",0,1,0.956
1180,"e1180-0",0,1,0.956
1181,"e1181-0",0,1,0.956
1182,"e1182-0",0,1,0.956
1183,"e1183-0",0,1,0.7999
1184,"e1184-0",0,1,0.956
1185,"e1185-0",0,1,0.956
1186,"e1186-0",0,1,0.956
1187,"e1187-0",0,0,0.4021
1188,"e1188-0",0,1,0.956
1189,"e1189-0",0,1,0.956
1190,"e1190-0",0,1,0.956
1191,"e1191-0",0,0,0.3532
1192,"e1192-0",0,1,0.956
1193,"e1193-0",0,1,0.956
1194,"e1194-0",0,1,0.956
1195,"e1195-0",0,1,0.956
1196,"e1196-0",0,1,0.9827
1197,"e1197-0",0,1,0.991
1198,"e1198-0",0,1,0.956
1199,"e1199-0",0,1,0.956
1200,"e1200-0",0,1,0.956
1201,"e1201-0",0,1,0.956
1202,"e1202-0",0,1,0.956
1203,"e1203-0",0,1,0.956
1204,"e1204-0",0,1,0.956
1205,"e1205-0",0,0,0.4402
1206,"e1206-0",0,1,0.956
1207,"e1207-0",0,1,0.956
1208,"e1208-0",0,1,0.956
1209,"e1209-0",0,1,0.956
1210,"e1210-0",0,1,0.956
1211,"e1211-0",0,1,0.956
1212,"e1212-0",0,1,0.956
1213,"e1213-0",0,1,0.956
1214,"e1214-0",0,1,0.956
1215,"e1215-0",0,1,0.956
1216,"e1216-0",0,1,0.956
1217,"e1217-0",0,1,0.956
1218,"e1218-0",0,1,0.956
1219,"e1219-0",0,1,0.956
1220,"e1220-0",0,1,0.956
1221,"e1221-0",0,1,0.956
1222,"e1222-0",0,0,0.3547
1223,"e1223-0",0,1,0.956
1224,"e1224-0",0,1,0.956
1225,"e1225-0",0,1,0.956
1226,"e1226-0",0,1,0.88
1227,"e1227-0",0,1,0.956
1228,"e1228-0",0,1,0.956
1229,"e1229-0",0,1,0.956
1230,"e1230-0",0,1,0.956
1231,"e1231-0",0,1,0.9615
1232,"e1232-0",0,1,0.956
1233,"e1233-0",0,1,0.956
1234,"e1234-0",0,1,0.956
1235,"e1235-0",0,1,0.956
1236,"e1236-0",0,1,0.956
1237,"e1237-0",0,1,0.956
1238,"e1238-0",0,1,0.956
1239,"e1239-0",0,1,0.956
1240,"e1240-0",0,1,0.956
1241,"e1241-0",0,1,0.8327
1242,"e1242-0",0,1,0.956
1243,"e1243-0",0,1,0.956
1244,"e1244-0",0,1,0.9285
1245,"e1245-0",0,1,0.956
1246,"e1246-0",0,1,0.956
1247,"e1247-0",0,1,0.956
1248,"e1248-0",0,0,0.349
1249,"e1249-0",0,1,0.956
1250,"e1250-0",0,1,0.956
1251,"e1251-0",0,1,0.6448
1252,"e1252-0",0,1,0.956
1253,"e1253-0",0,1,0.956
1254,"e1254-0",0,1,0.956
1255,"e1255-0",0,1,0.956
1256,"e1256-0",0,1,0.956
1257,"e1257-0",0,1,0.5379
1258,"e1258-0",0,1,0.956
1259,"e1259-0",0,1,0.956
1260,"e1260-0",0,1,0.956
1261,"e1261-0",0,1,0.956
1262,"e1262-0",0,1,0.956
1263,"e1263-0",0,1,0.956
1264,"e1264-0",0,1,0.956
1265,"e1265-0",0,1,0.956
1266,"e1266-0",0,1,0.956
1267,"e1267-0",0,0,0.455
1268,"e1268-0",0,1,0.956
1269,"e1269-0",0,1,0.956
1270,"e1270-0",0,1,0.956
1271,"e1271-0",0,1,0.956
1272,"e1272-0",0,1,0.956
1273,"e1273-0",0,0,0.4774
1274,"e1274-0",0,1,0.858
1275,"e1275-0",0,1,0.956
1276,"e1276-0",0,1,0.956
1277,"e1277-0",0,1,0.956
1278,"e1278-0",0,1,0.956
1279,"e1279-0",0,1,0.956
1280,"e1280-0",0,1,0.9221
1281,"e1281-0",0,1,0.956
1282,"e1282-0",0,1,0.956
1283,"e1283-0",0,1,0.9956
1284,"e1284-0",0,1,0.956
1285,"e1285-0",0,1,0.956
1286,"e1286-0",0,1,0.956
1287,"e1287-0",0,1,0.956
1288,"e1288-0",0,1,0.956
1289,"e1289-0",0,1,0.956
1290,"e1290-0",0,1,0.956
1291,"e1291-0",0,1,0.5516
1292,"e1292-0",0,1,0.956
1293,"e1293-0",0,1,0.956
1294,"e1294-0",0,1,0.956
1295,"e1295-0",0,1,0.956
1296,"e1296-0",0,1,0.956
1297,"e1297-0",0,1,0.9757
1298,"e1298-0",0,1,0.956
1299,"e1299-0",0,1,0.956
1300,"e1300-0",0,1,0.7313
1301,"e1301-0",0,1,0.956
1302,"e1302-0",0,1,0.956
1303,"e1303-0",0,1,0.956
1304,"e1304-0",0,1,0.7934
1305,"e1305-0",0,1,0.956
1306,"e1306-0",0,1,0.956
1307,"e1307-0",0,1,0.956
1308,"e1308-0",0,1,0.956
1309,"e1309-0",0,1,0.956
1310,"e1310-0",0,1,0.6923
1311,"e1311-0",0,1,0.956
1312,"e1312-0",0,1,0.956
1313,"e1313-0",0,1,0.956
1314,"e1314-0",0,1,0.956
1315,"e1315-0",0,1,0.956
1316,"e1316-0",0,1,0.956
1317,"e1317-0",0,1,0.9739
1318,"e1318-0",0,1,0.956
1319,"e1319-0",0,1,0.554
1320,"e1320-0",0,1,0.956
1321,"e1321-0",0,1,0.956
1322,"e1322-0",0,1,0.956
1323,"e1323-0",0,1,0.956
1324,"e1324-0",0,1,0.7409
1325,"e1325-0",0,1,0.956
1326,"e1326-0",0,1,0.956
1327,"e1327-0",0,1,0.956
1328,"e1328-0",0,1,0.956
1329,"e1329-0",0,1,0.956
1330,"e1330-0",0,1,0.956
1331,"e1331-0",0,1,0.956
1332,"e1332-0",0,1,0.956
1333,"e1333-0",0,1,0.9497
1334,"e1334-0",0,1,0.956
1335,"e1335-0",0,1,0.956
1336,"e1336-0",0,1,0.956
1337,"e1337-0",0,1,0.956
1338,"e1338-0",0,1,0.956
1339,"e1339-0",0,1,0.956
1340,"e1340-0",0,1,0.956
1341,"e1341-0",0,1,0.956
1342,"e1342-0",0,1,0.956
1343,"e1343-0",0,1,0.956
1344,"e1344-0",0,1,0.7307
1345,"e1345-0",0,1,0.956
1346,"e1346-0",0,1,0.9017
1347,"e1347-0",0,1,0.956
1348,"e1348-0",0,1,0.9812
1349,"e1349-0",0,1,0.956
1350,"e1350-0",0,1,0.956
1351,"e1351-0",0,1,0.956
1352,"e1352-0",0,1,0.956
1353,"e1353-0",0,1,0.956
1354,"e1354-0",0,1,0.7659
1355,"e1355-0",0,1,0.956
1356,"e1356-0",0,1,0.956
1357,"e1357-0",0,1,0.956
1358,"e1358-0",0,1,0.956
1359,"e1359-0",0,1,0.8298
1360,"e1360-0",0,1,0.956
1361,"e1361-0",0,1,0.956
1362,"e1362-0",0,1,0.956
1363,"e1363-0",0,1,0.956
1364,"e1364-0",0,1,0.739
1365,"e1365-0",0,1,0.956
1366,"e1366-0",0,1,0.956
1367,"e1367-0",0,1,0.594
1368,"e1368-0",0,1,0.956
1369,"e1369-0",0,1,0.956
1370,"e1370-0",0,1,0.956
1371,"e1371-0",0,1,0.956
1372,"e1372-0",0,1,0.956
1373,"e1373-0",0,1,0.956
1374,"e1374-0",0,1,0.956
1375,"e1375-0",0,1,0.7357
1376,"e1376-0",0,1,0.956
1377,"e1377-0",0,1,0.956
1378,"e1378-0",0,0,0.3975
1379,"e1379-0",0,1,0.956
1380,"e1380-0",0,1,0.7762
1381,"e1381-0",0,1,0.956
1382,"e1382-0",0,1,0.956
1383,"e1383-0",0,1,0.956
1384,"e1384-0",0,1,0.956
1385,"e1385-0",0,1,0.956
1386,"e1386-0",0,1,0.956
1387,"e1387-0",0,1,0.956
1388,"e1388-0",0,1,0.956
1389,"e1389-0",0,1,0.956
1390,"e1390-0",0,1,0.956
1391,"e1391-0",0,1,0.956
1392,"e1392-0",0,1,0.7225
1393,"e1393-0",0,1,0.956
1394,"e1394-0",0,1,0.956
1395,"e1395-0",0,1,0.9135
1396,"e1396-0",0,1,0.956
1397,"e1397-0",0,1,0.956
1398,"e1398-0",0,0,0.4584
1399,"e1399-0",0,1,0.956
1400,"e1400-0",0,1,0.9709
1401,"e1401-0",0,1,0.956
1402,"e1402-0",0,1,0.956
1403,"e1403-0",0,1,0.956
1404,"e1404-0",0,1,0.956
1405,"e1405-0",0,1,0.7051
1406,"e1406-0",0,1,0.7486
1407,"e1407-0",0,1,0.8237
1408,"e1408-0",0,1,0.956
1409,"e1409-0",0,1,0.956
1410,"e1410-0",0,1,0.956
1411,"e1411-0",0,1,0.956
1412,"e1412-0",0,1,0.956
1413,"e1413-0",0,1,0.956
1414,"e1414-0",0,1,0.956
1415,"e1415-0",0,1,0.956
1416,"e1416-0",0,1,0.956
1417,"e1417-0",0,1,0.8967
1418,"e1418-0",0,1,0.956
1419,"e1419-0",0,1,0.727
1420,"e1420-0",0,1,0.956
1421,"e1421-0",0,1,0.956
1422,"e1422-0",0,1,0.956
1423,"e1423-0",0,1,0.956
1424,"e1424-0",0,1,0.5924
1425,"e1425-0",0,1,0.956
1426,"e1426-0",0,1,0.9355
1427,"e1427-0",0,1,0.8946
1428,"e1428-0",0,1,0.9127
1429,"e1429-0",0,1,0.956
1430,"e1430-0",0,1,0.956
1431,"e1431-0",0,1,0.956
1432,"e1432-0",0,1,0.956
1433,"e1433-0",0,1,0.956
1434,"e1434-0",0,1,0.956
1435,"e1435-0",0,1,0.956
1436,"e1436-0",0,1,0.6588
1437,"e1437-0",0,1,0.956
1438,"e1438-0",0,1,0.808
1439,"e1439-0",0,1,0.6833
1440,"e1440-0",0,1,0.956
1441,"e1441-0",0,1,0.956
1442,"e1442-0",0,1,0.839
1443,"e1443-0",0,1,0.956
1444,"e1444-0",0,1,0.956
1445,"e1445-0",0,1,0.956
1446,"e1446-0",0,1,0.956
1447,"e1447-0",0,1,0.956
1448,"e1448-0",0,1,0.956
1449,"e1449-0",0,1,0.956
1450,"e1450-0",0,1,0.6224
1451,"e1451-0",0,1,0.956
1452,"e1452-0",0,1,0.956
1453,"e1453-0",0,1,0.956
1454,"e1454-0",0,1,0.956
1455,"e1455-0",0,1,0.956
1456,"e1456-0",0,1,0.8144
1457,"e1457-0",0,1,0.9725
1458,"e1458-0",0,1,0.956
1459,"e1459-0",0,1,0.956
1460,"e1460-0",0,1,0.956
1461,"e1461-0",0,1,0.956
1462,"e1462-0",0,1,0.956
1463,"e1463-0",0,1,0.956
1464,"e1464-0",0,1,0.956
1465,"e1465-0",0,1,0.956
1466,"e1466-0",0,1,0.956
1467,"e1467-0",0,1,0.956
1468,"e1468-0",0,1,0.949
1469,"e1469-0",0,1,0.6529
1470,"e1470-0",0,1,0.8826
1471,"e1471-0",0,1,0.956
1472,"e1472-0",0,1,0.956
1473,"e1473-0",0,1,0.956
1474,"e1474-0",0,1,0.956
1475,"e1475-0",0,1,0.956
1476,"e1476-0",0,1,0.956
1477,"e1477-0",0,1,0.956
1478,"e1478-0",0,1,0.5704
1479,"e1479-0",0,1,0.9163
1480,"e1480-0",0,1,0.956
1481,"e1481-0",0,1,0.956
1482,"e1482-0",0,1,0.956
1483,"e1483-0",0,1,0.949
1484,"e1484-0",0,1,0.956
1485,"e1485-0",0,1,0.956
1486,"e1486-0",0,1,0.956
1487,"e1487-0",0,1,0.956
1488,"e1488-0",0,1,0.956
1489,"e1489-0",0,1,0.956
1490,"e1490-0",0,1,0.956
1491,"e1491-0",0,1,0.956
1492,"e1492-0",0,1,0.956
1493,"e1493-0",0,1,0.956
1494,"e1494-0",0,1,0.956
1495,"e1495-0",0,1,0.5711
1496,"e1496-0",0,1,0.956
1497,"e1497-0",0,1,0.956
1498,"e1498-0",0,1,0.956
1499,"e1499-0",0,1,0.9499
1500,"e1500-0",0,1,0.956
1501,"e1501-0",0,1,0.956
1502,"e1502-0",0,1,0.956
1503,"e1503-0",0,1,0.7803
1504,"e1504-0",0,1,0.9289
1505,"e1505-0",0,1,0.956
1506,"e1506-0",0,1,0.956
1507,"e1507-0",0,1,0.956
1508,"e1508-0",0,0,0.4521
1509,"e1509-0",0,1,0.956
1510,"e1510-0",0,1,0.956
1511,"e1511-0",0,1,0.956
1512,"e1512-0",0,1,0.956
1513,"e1513-0",0,1,0.5732
1514,"e1514-0",0,1,0.956
1515,"e1515-0",0,1,0.956
1516,"e1516-0",0,1,0.956
1517,"e1517-0",0,1,0.956
1518,"e1518-0",0,1,0.956
1519,"e1519-0",0,1,0.956
1520,"e1520-0",0,1,0.956
1521,"e1521-0",0,1,0.956
1522,"e1522-0",0,1,0.956
1523,"e1523-0",0,1,0.956
1524,"e1524-0",0,1,0.956
1525,"e1525-0",0,1,0.956
1526,"e1526-0",0,1,0.8426
1527,"e1527-0",0,1,0.9563
1528,"e1528-0",0,1,0.956
1529,"e1529-0",0,1,0.956
1530,"e1530-0",0,1,0.956
1531,"e1531-0",0,1,0.956
1532,"e1532-0",0,1,0.956
1533,"e1533-0",0,1,0.956
1534,"e1534-0",0,1,0.9368
1535,"e1535-0",0,1,0.956
1536,"e1536-0",0,1,0.956
1537,"e1537-0",0,1,0.8719
1538,"e1538-0",0,1,0.8188
1539,"e1539-0",0,1,0.8689
1540,"e1540-0",0,1,0.8286
1541,"e1541-0",0,1,0.956
1542,"e1542-0",0,1,0.5636
1543,"e1543-0",0,1,0.9327
1544,"e1544-0",0,1,0.956
1545,"e1545-0",0,1,0.956
1546,"e1546-0",0,1,0.7099
1547,"e1547-0",0,1,0.956
1548,"e1548-0",0,1,0.956
1549,"e1549-0",0,1,0.956
1550,"e1550-0",0,1,0.956
1551,"e1551-0",0,1,0.8643
1552,"e1552-0",0,1,0.956
1553,"e1553-0",0,1,0.8451
1554,"e1554-0",0,1,0.956
1555,"e1555-0",0,1,0.956
1556,"e1556-0",0,1,0.7694
1557,"e1557-0",0,1,0.956
1558,"e1558-0",0,1,0.9245
1559,"e1559-0",0,1,0.956
1560,"e1560-0",0,1,0.956
1561,"e1561-0",0,1,0.956
1562,"e1562-0",0,1,0.602
1563,"e1563-0",0,1,0.956
1564,"e1564-0",0,1,0.956
1565,"e1565-0",0,1,0.956
1566,"e1566-0",0,1,0.956
1567,"e1567-0",0,1,0.956
1568,"e1568-0",0,1,0.6821
1569,"e1569-0",0,1,0.956
1570,"e1570-0",0,1,0.956
1571,"e1571-0",0,1,0.956
1572,"e1572-0",0,1,0.956
1573,"e1573-0",0,1,0.8761
1574,"e1574-0",0,1,0.956
1575,"e1575-0",0,1,0.956
1576,"e1576-0",0,1,0.956
1577,"e1577-0",0,1,0.956
1578,"e1578-0",0,1,0.956
1579,"e1579-0",0,0,0.3806
1580,"e1580-0",0,1,0.901
1581,"e1581-0",0,1,0.9485
1582,"e1582-0",0,1,0.9499
1583,"e1583-0",0,1,0.956
1584,"e1584-0",0,1,0.956
1585,"e1585-0",0,1,0.6078
1586,"e1586-0",0,1,0.956
1587,"e1587-0",0,1,0.956
1588,"e1588-0",0,1,0.956
1589,"e1589-0",0,1,0.956
1590,"e1590-0",0,1,0.956
1591,"e1591-0",0,1,0.956
1592,"e1592-0",0,1,0.956
1593,"e1593-0",0,1,0.956
1594,"e1594-0",0,1,0.956
1595,"e1595-0",0,1,0.956
1596,"e1596-0",0,1,0.956
1597,"e1597-0",0,1,0.956
1598,"e1598-0",0,1,0.956
1599,"e1599-0",0,1,0.956
1600,"e1600-0",0,1,0.956
1601,"e1601-0",0,1,0.956
1602,"e1602-0",0,1,0.956
1603,"e1603-0",0,1,0.956
1604,"e1604-0",0,1,0.956
1605,"e1605-0",0,1,0.956
1606,"e1606-0",0,1,0.956
1607,"e1607-0",0,1,0.956
1608,"e1608-0",0,1,0.956
1609,"e1609-0",0,1,0.9542
1610,"e1610-0",0,1,0.956
1611,"e1611-0",0,1,0.9591
1612,"e1612-0",0,1,0.7739
1613,"e1613-0",0,1,0.956
1614,"e1614-0",0,1,0.9844
1615,"e1615-0",0,1,0.9902
1616,"e1616-0",0,1,0.956
1617,"e1617-0",0,1,0.7787
1618,"e1618-0",0,1,0.6932
1619,"e1619-0",0,1,0.956
1620,"e1620-0",0,1,0.6686
1621,"e1621-0",0,1,0.8395
1622,"e1622-0",0,1,0.956
1623,"e1623-0",0,1,0.956
1624,"e1624-0",0,1,0.956
1625,"e1625-0",0,1,0.956
1626,"e1626-0",0,1,0.9549
1627,"e1627-0",0,1,0.956
1628,"e1628-0",0,1,0.956
1629,"e1629-0",0,1,0.956
1630,"e1630-0",0,1,0.956
1631,"e1631-0",0,1,0.956
1632,"e1632-0",0,1,0.9864
1633,"e1633-0",0,1,0.956
1634,"e1634-0",0,1,0.956
1635,"e1635-0",0,1,0.956
1636,"e1636-0",0,1,0.931
1637,"e1637-0",0,1,0.956
1638,"e1638-0",0,1,0.956
1639,"e1639-0",0,1,0.5542
1640,"e1640-0",0,1,0.956
1641,"e1641-0",0,1,0.956
1642,"e1642-0",0,1,0.956
1643,"e1643-0",0,1,0.956
1644,"e1644-0",0,1,0.956
1645,"e1645-0",0,1,0.7788
1646,"e1646-0",0,1,0.956
1647,"e1647-0",0,1,0.956
1648,"e1648-0",0,1,0.956
1649,"e1649-0",0,1,0.7601
1650,"e1650-0",0,1,0.8212
1651,"e1651-0",0,1,0.7199
1652,"e1652-0",0,1,0.956
1653,"e1653-0",0,1,0.6825
1654,"e1654-0",0,1,0.9798
1655,"e1655-0",0,1,0.6995
1656,"e1656-0",0,1,0.956
1657,"e1657-0",0,1,0.9275
1658,"e1658-0",0,1,0.956
1659,"e1659-0",0,1,0.956
1660,"e1660-0",0,1,0.956
1661,"e1661-0",0,1,0.956
1662,"e1662-0",0,1,0.956
1663,"e1663-0",0,1,0.956
1664,"e1664-0",0,1,0.8889
1665,"e1665-0",0,1,0.6665
1666,"e1666-0",0,1,0.956
1667,"e1667-0",0,1,0.956
1668,"e1668-0",0,1,0.956
1669,"e1669-0",0,1,0.9689
1670,"e1670-0",0,1,0.956
1671,"e1671-0",0,1,0.7852
1672,"e1672-0",0,1,0.956
1673,"e1673-0",0,1,0.956
1674,"e1674-0",0,1,0.956
1675,"e1675-0",0,1,0.5003
1676,"e1676-0",0,1,0.956
1677,"e1677-0",0,1,0.956
1678,"e1678-0",0,1,0.9834
1679,"e1679-0",0,1,0.956
1680,"e1680-0",0,1,0.956
1681,"e1681-0",0,1,0.956
1682,"e1682-0",0,1,0.956
1683,"e1683-0",0,1,0.956
1684,"e1684-0",0,0,0.3754
1685,"e1685-0",0,1,0.956
1686,"e1686-0",0,1,0.956
1687,"e1687-0",0,1,0.956
1688,"e1688-0",0,1,0.956
1689,"e1689-0",0,1,0.7112
1690,"e1690-0",0,1,0.956
1691,"e1691-0",0,1,0.956
1692,"e1692-0",0,1,0.956
1693,"e1693-0",0,1,0.956
1694,"e1694-0",0,1,0.956
1695,"e1695-0",0,1,0.956
1696,"e1696-0",0,1,0.956
1697,"e1697-0",0,1,0.956
1698,"e1698-0",0,1,0.5631
1699,"e1699-0",0,1,0.956
1700,"e1700-0",0,1,0.7406
1701,"e1701-0",0,1,0.956
1702,"e1702-0",0,1,0.956
1703,"e1703-0",0,1,0.956
1704,"e1704-0",0,1,0.956
1705,"e1705-0",0,1,0.956
1706,"e1706-0",0,1,0.956
1707,"e1707-0",0,1,0.956
1708,"e1708-0",0,1,0.956
1709,"e1709-0",0,1,0.6933
1710,"e1710-0",0,1,0.956
1711,"e1711-0",0,1,0.956
1712,"e1712-0",0,1,0.956
1713,"e1713-0",0,1,0.956
1714,"e1714-0",0,1,0.956
1715,"e1715-0",0,1,0.5722
1716,"e1716-0",0,1,0.956
1717,"e1717-0",0,1,0.956
1718,"e1718-0",0,1,0.956
1719,"e1719-0",0,1,0.956
1720,"e1720-0",0,1,0.956
1721,"e1721-0",0,1,0.956
1722,"e1722-0",0,1,0.956
1723,"e1723-0",0,1,0.956
1724,"e1724-0",0,1,0.956
1725,"e1725-0",0,1,0.956
1726,"e1726-0",0,1,0.9282
1727,"e1727-0",0,1,0.956
1728,"e1728-0",0,1,0.956
1729,"e1729-0",0,1,0.956
1730,"e1730-0",0,1,0.8499
1731,"e1731-0",0,1,0.956
1732,"e1732-0",0,1,0.954
1733,"e1733-0",0,1,0.9006
1734,"e1734-0",0,1,0.925
1735,"e1735-0",0,1,0.956
1736,"e1736-0",0,1,0.956
1737,"e1737-0",0,1,0.9192
1738,"e1738-0",0,1,0.956
1739,"e1739-0",0,1,0.956
1740,"e1740-0",0,1,0.6549
1741,"e1741-0",0,1,0.6471
1742,"e1742-0",0,1,0.956
1743,"e1743-0",0,1,0.956
1744,"e1744-0",0,1,0.956
